idx,prediction
1226,0.1488037109375
439,0.1258544921875
1187,0.1588134765625
80,0.2008056640625
13,0.090087890625
1230,0.10931396484375
1085,0.1158447265625
1118,0.125244140625
1416,0.1654052734375
124,0.1856689453125
1341,0.1412353515625
1435,0.12103271484375
1350,0.146240234375
1702,0.1949462890625
1566,0.0977783203125
372,0.181884765625
1682,0.1846923828125
1564,0.1932373046875
